{"xy_sens": 28.8, "targeting_sens": 100.0, "xy_scale": 0.3472222222222222, "targeting_scale": 0.3472222222222222}